{
  "臺北市萬華區富福里和平西路三段120號地下一層": [
    25.03517,
    121.49048
  ],
  "臺北市內湖區安湖里東湖路1號1、2樓": [
    25.0682406,
    121.6163402
  ],
  "臺北市北投路2段11號地下1樓": [
    25.1091783,
    121.5005766
  ],
  "臺北市內湖區港墘路127巷10號地下1層": [
    25.0752347,
    121.5738468
  ],
  "臺北市中山區吉林路213、215、217、219號1樓": [
    25.065439,
    121.5303757
  ],
  "臺北市中山區松江路318號": [
    25.0543431,
    121.5331486
  ],
  "臺北市內湖區成功路4段30巷40號地下": [
    25.0831849,
    121.5980243
  ],
  "臺北市文山區福興路62號": [
    25.0070705,
    121.5493711
  ],
  "臺北市中正區板溪里和平西路一段52、54號": [
    25.03024,
    121.50904
  ],
  "臺北市內湖區安湖里東湖路33巷19號地下一層": [
    25.0682406,
    121.6163402
  ],
  "臺北市文山區興業里興隆路2段252號": [
    24.9843583,
    121.5610498
  ],
  "臺北市大安區樂利路89、91號": [
    25.0270377,
    121.5515938
  ],
  "臺北市大安區安和路2段88號": [
    25.023602,
    121.5494592
  ],
  "臺北市北投區永欣里行義路10巷2號": [
    25.134257,
    121.5288328
  ],
  "臺北市中山區新喜里吉林路413號1、2樓": [
    25.065439,
    121.5303757
  ],
  "臺北市信義區莊敬路325巷58號": [
    25.0278477,
    121.5642505
  ],
  "臺北市士林區天玉里天母西路3號地下": [
    25.1184206,
    121.5278907
  ],
  "臺北市大安區泰順街45號": [
    25.0223696,
    121.5311751
  ],
  "臺北市中山區晴光里林森北路575-1、575-3、575-4、575-6、575-7、575-8、575-9號": [
    25.0653461,
    121.5256777
  ],
  "臺北市中山區長春路258巷6號": [
    25.0546827,
    121.5389309
  ],
  "臺北市信義區松隆路125號": [
    25.0441772,
    121.568305
  ],
  "臺北市內湖區民權東路6段296巷20號": [
    25.069,
    121.58493
  ],
  "臺北市北投區吉利街125號1樓": [
    25.1186407,
    121.5086211
  ],
  "臺北市中正區永昌里南海路100號、102號、102號地下": [
    25.031798,
    121.5140029
  ],
  "臺北市內湖區文德路212號地下1層": [
    25.0785026,
    121.586348
  ],
  "臺北市松山區民權東路三段140巷15號": [
    25.06206,
    121.55475
  ],
  "臺北市大安區仁愛路3段24巷12號": [
    25.0377566,
    121.5578261
  ],
  "臺北市士林區蘭雅里德行東路109巷104號": [
    25.1088269,
    121.5315571
  ],
  "臺北市中正區板溪里南昌路二段112號地下1樓": [
    25.0319172,
    121.5167286
  ],
  "臺北市文山區景慶里羅斯福路六段218號地下1層": [
    24.9967781,
    121.5406733
  ],
  "臺北市士林區天山里中山北路7段154巷6號1、2樓": [
    25.1297818,
    121.5369994
  ],
  "臺北市內湖區寶湖里民權東路6段208號2樓": [
    25.069,
    121.58493
  ],
  "臺北市士林區忠誠里忠誠路一段56號1樓": [
    25.0945232,
    121.522211
  ],
  "臺北市松山區自強里健康路243號地下一層": [
    25.053446,
    121.5546293
  ],
  "臺北市中山區金泰里敬業四路33號8樓": [
    25.0843388,
    121.55855
  ],
  "臺北市萬華區西園路2段217號1樓": [
    25.03338,
    121.49267
  ],
  "臺北市松山區健康路399號1樓": [
    25.053446,
    121.5546293
  ],
  "臺北市中正區忠孝東路一段86號1樓": [
    25.0436441,
    121.5271131
  ],
  "臺北市萬華區廣州街263號1樓": [
    25.0362787,
    121.5057087
  ],
  "臺北市信義區吳興街156巷6號1、2樓": [
    25.0251064,
    121.5670694
  ],
  "臺北市士林區社正路59號61及61之1號1樓": [
    25.0887847,
    121.5095457
  ],
  "臺北市中山區吉林路26巷34號1樓": [
    25.065439,
    121.5303757
  ],
  "臺北市文山區興隆路4段143號地下": [
    24.9843583,
    121.5610498
  ],
  "臺北市大安區忠孝東路4段126之1號房屋地下1層": [
    25.04159,
    121.5378
  ],
  "臺北市信義區大道里林口街176號1樓及地下1層": [
    25.0415929,
    121.5809549
  ],
  "臺北市士林區延平北路5段238、240號": [
    25.08678,
    121.50948
  ],
  "臺北市士林區福中里福港街104號1樓": [
    25.0894532,
    121.5183253
  ],
  "臺北市文山區羅斯福路5段170巷41號1樓": [
    24.9967781,
    121.5406733
  ],
  "臺北市內湖區西安里文湖街31號及地下一層": [
    25.086527,
    121.5615921
  ],
  "臺北市大安區和平東路1段63號地下1樓": [
    25.02657,
    121.53515
  ],
  "臺北市大安區建國南路2段123巷16號地下1樓": [
    25.0316402,
    121.5374907
  ],
  "臺北市萬華區興寧街2號1樓": [
    25.032298,
    121.5013625
  ],
  "臺北市中山區朱馥里興安街55號地下樓": [
    25.0560572,
    121.5441243
  ],
  "臺北市大安區市民大道4段190號1、2樓": [
    25.0450234,
    121.5343452
  ],
  "臺北市文山區忠順街2段22號1、2樓": [
    24.9840113,
    121.5589391
  ],
  "臺北市中山區集英里錦西街8號1樓": [
    25.0603396,
    121.5205031
  ],
  "臺北市文山區木柵里木柵路3段41號1樓": [
    24.9977825,
    121.5741323
  ],
  "臺北市內湖區清白里星雲街163號1樓": [
    25.0786504,
    121.5917308
  ],
  "臺北市士林區天祿里士東路23號1樓": [
    25.1129284,
    121.5352283
  ],
  "臺北市信義區松隆路36號1、2樓": [
    25.0441772,
    121.568305
  ],
  "臺北市中正區南昌路1段51巷1號、1之1號、3弄1號1樓": [
    25.0319172,
    121.5167286
  ],
  "臺北市信義區松仁路240巷19號1、2樓": [
    25.0253773,
    121.5691224
  ],
  "臺北市南港區中坡南路7號1樓": [
    25.042715,
    121.5836255
  ],
  "臺北市內湖區金龍路215號1樓": [
    25.0858786,
    121.5900391
  ],
  "臺北市萬華區西藏路125巷9號、129之5及6號、131之4及5號1樓": [
    25.0293616,
    121.5005238
  ],
  "臺北市大同區朝陽里民生西路280號1樓": [
    25.0576944,
    121.5210369
  ],
  "臺北市萬華區民和街103、105號1樓": [
    25.0253805,
    121.4974372
  ],
  "臺北市北投區中央北路2段181號1樓": [
    25.1326726,
    121.4751467
  ],
  "臺北市內湖區民權東路六段90巷18號1樓": [
    25.069,
    121.58493
  ],
  "臺北市大同區民族西路235、237號1樓": [
    25.0686507,
    121.5122633
  ],
  "臺北市中山區合江街137號1、2樓": [
    25.057273,
    121.5391556
  ],
  "臺北市南港區研究院路3段68巷9號1樓": [
    25.0529819,
    121.6161235
  ],
  "臺北市松山區民生東路3段130巷9號1樓": [
    25.0596995,
    121.5637521
  ],
  "臺北市信義區基隆路2段22號地下1層": [
    25.0363331,
    121.5611059
  ],
  "臺北市士林區承德里後港街30號地下1樓": [
    25.0859279,
    121.5220443
  ],
  "臺北市士林區福林里中正路115號": [
    25.0939161,
    121.5209595
  ],
  "臺北市大安區群賢里和平東路二段311巷29號": [
    25.02657,
    121.53515
  ],
  "臺北市信義區黎順里嘉興街245號、247號1樓及245號地下1層": [
    25.0262038,
    121.5563887
  ],
  "臺北市文山區景仁里羅斯福路六段142巷11號、11之1號及11之2號": [
    24.9967781,
    121.5406733
  ],
  "臺北市士林區東山里德行東路331巷35號1樓": [
    25.1088269,
    121.5315571
  ],
  "臺北市北投區建民里文林北路116號、94巷5弄1號1樓": [
    25.1087774,
    121.5134959
  ],
  "臺北市中山區朱園里建國北路1段48號": [
    25.0653738,
    121.5365493
  ],
  "臺北市南港區新富里研究院路1段99號地下1樓之29至34、36、至43、45至76、84至96": [
    25.0529819,
    121.6161235
  ],
  "臺北市大安區樂業街87號1樓": [
    25.019876,
    121.5533024
  ],
  "臺北市士林區忠誠路1段177、179號1樓": [
    25.0945232,
    121.522211
  ],
  "臺北市中山區林森北路561號1樓": [
    25.0653461,
    121.5256777
  ],
  "臺北市北投區中和街49號1樓": [
    25.1405111,
    121.5002439
  ],
  "臺北市萬華區萬大路406號1樓及地下": [
    25.030323,
    121.5004797
  ],
  "臺北市內湖區大湖山莊街148號1樓及地下1層": [
    25.0882539,
    121.6008992
  ],
  "臺北市大安區金山南路二段12號地下1樓": [
    25.0328786,
    121.52846
  ],
  "臺北市北投區懷德街3-10號": [
    25.1126209,
    121.5195258
  ],
  "臺北市文山區景興路191號地下1樓": [
    24.9975546,
    121.5447449
  ],
  "臺北市北投區致遠二路113巷13、15、15-1號": [
    25.115436,
    121.5116524
  ],
  "臺北市文山區保儀路12號1樓、12號地下1樓、26巷1-1號、26巷1號地下1樓及14號1樓": [
    24.9872066,
    121.5685773
  ],
  "臺北市北投區中央北路4段532號地下1層": [
    25.1326726,
    121.4751467
  ],
  "臺北市內湖區康樂街116號地下1樓": [
    25.068761,
    121.618418
  ],
  "臺北市中山區敬業四路33號地下1樓": [
    25.0843388,
    121.55855
  ],
  "臺北市中山區北安路655號地下1樓": [
    25.0843984,
    121.5574116
  ],
  "臺北市松山區光復北路11巷99號地下": [
    25.0560207,
    121.55565
  ],
  "臺北市南港區研究院路2段61巷15號及地下1層": [
    25.0529819,
    121.6161235
  ],
  "臺北市中正區延平南路189號1樓": [
    25.0342516,
    121.5075017
  ],
  "臺北市大安區延吉街161號地下1樓": [
    25.0335105,
    121.557167
  ],
  "臺北市南港區經貿二路188號3樓": [
    25.0598654,
    121.6154512
  ],
  "臺北市內湖區新湖一路128巷36號2樓": [
    25.0630597,
    121.5836273
  ],
  "臺北市內湖區五分里東湖路118號地下1層、地下1層之1至40、安康路480號地下1層、地下1層之1至4": [
    25.0682406,
    121.6163402
  ],
  "臺北市萬華區仁德里柳州街80號1、2樓": [
    25.037362,
    121.5050942
  ],
  "臺北市大同區雙連里民生西路239號1、2樓": [
    25.0576944,
    121.5210369
  ],
  "臺北市信義區四育里松隆路280號地下一層": [
    25.0441772,
    121.568305
  ],
  "臺北市內湖區舊宗路一段128號1、2、3樓": [
    25.0674594,
    121.5837579
  ],
  "臺北市文山區恆光街37、39、41、43號1樓": [
    24.9832963,
    121.5667041
  ],
  "臺北市萬華區中華路2段666-12號地下1樓": [
    25.0167458,
    121.4948625
  ],
  "臺北市中山區北安路588巷8、10號1樓": [
    25.0843984,
    121.5574116
  ],
  "臺北市內湖區舊宗路一段188號1至4樓": [
    25.0674594,
    121.5837579
  ],
  "臺北市大同區朝陽里南京西路165號1樓": [
    25.0531475,
    121.518376
  ],
  "臺北市中山區龍江路15號1、2樓": [
    25.0599611,
    121.5407402
  ],
  "臺北市北投區東華街2段180號地下1樓": [
    25.1212928,
    121.5051336
  ],
  "臺北市萬華區長沙街2段110、112號1樓": [
    25.0406239,
    121.5053035
  ],
  "臺北市大安區復興南路2段237號地下1樓": [
    25.0469608,
    121.543747
  ],
  "臺北市松山區民生東路4段133號1樓": [
    25.0596995,
    121.5637521
  ],
  "臺北市萬華區糖廍里環河南路二段137、139號地下": [
    25.0415538,
    121.4994814
  ],
  "臺北市文山區樟文里木新路3段278巷9號地下、11號": [
    24.9833642,
    121.5674302
  ],
  "臺北市大同區斯文里大龍街91巷7號地下": [
    25.0687228,
    121.5158785
  ],
  "臺北市中山區金泰里敬業四路33號9樓": [
    25.0843388,
    121.55855
  ],